<TICKER>,<PER>,<DATE>,<TIME>,<OPEN>,<HIGH>,<LOW>,<CLOSE>,<VOL>
BELU,D,20170929,0,611,619,610,615,20
BELU,D,20171002,0,622,625,606,618,277
BELU,D,20171003,0,610,617,610,611,1039
BELU,D,20171004,0,613,619,613,619,2
BELU,D,20171005,0,618,619,618,619,27
BELU,D,20171006,0,623,626,623,626,594
BELU,D,20171009,0,620,635,620,628,683
BELU,D,20171010,0,632,632,629,629,3
BELU,D,20171011,0,634,662,634,650,740
BELU,D,20171012,0,644,646,605,620,10132
BELU,D,20171013,0,629,630,629,630,29
BELU,D,20171016,0,632,632,632,632,2
BELU,D,20171017,0,640,640,625,625,1013
BELU,D,20171018,0,631,649,630,649,22
BELU,D,20171019,0,640,640,635,635,52
BELU,D,20171020,0,643,649,641,641,8
BELU,D,20171023,0,641,643,640,643,77
BELU,D,20171024,0,643,643,636,636,21
BELU,D,20171025,0,651,651,639,639,5
BELU,D,20171026,0,637,640,630,639,72
BELU,D,20171027,0,682,682,630,637,64
BELU,D,20171030,0,629,635,625,631,182
BELU,D,20171031,0,639,639,639,639,5
BELU,D,20171101,0,626,626,625,625,6
BELU,D,20171102,0,625,625,625,625,1
BELU,D,20171107,0,625,625,625,625,152
BELU,D,20171108,0,625,650,625,650,140
BELU,D,20171109,0,645,645,628,628,2
BELU,D,20171110,0,648,648,625,640,270
BELU,D,20171113,0,636,638,636,638,10
BELU,D,20171114,0,645,650,645,650,561
BELU,D,20171115,0,650,650,640,640,59
BELU,D,20171116,0,640,640,630,630,73
BELU,D,20171117,0,649,650,640,640,44
BELU,D,20171120,0,648,658,648,658,148
BELU,D,20171121,0,650,650,650,650,1
BELU,D,20171122,0,650,650,650,650,65
BELU,D,20171123,0,650,656,650,656,41
BELU,D,20171124,0,650,650,631,641,631
BELU,D,20171127,0,648,648,648,648,1
BELU,D,20171128,0,649,649,640,648,67
BELU,D,20171130,0,640,641,630,630,1254
BELU,D,20171201,0,636,636,633,635,96
BELU,D,20171204,0,630,636,630,636,3480
BELU,D,20171213,0,641,641,638,638,7
BELU,D,20171214,0,640,641,640,641,35
BELU,D,20171215,0,640,640,630,630,639
BELU,D,20171218,0,630,640,630,630,1161
BELU,D,20171219,0,630,631,629,630,6258
BELU,D,20171220,0,631,631,630,630,1600
BELU,D,20171221,0,630,631,630,631,1072
BELU,D,20171222,0,630,630,630,630,50
BELU,D,20171225,0,641,642,640,642,3
BELU,D,20171227,0,653,653,653,653,1
BELU,D,20171228,0,644,644,640,642,6
BELU,D,20171229,0,645,645,645,645,1
BELU,D,20180103,0,651,676,640,651,89
BELU,D,20180104,0,650,650,649,649,3
BELU,D,20180109,0,639,639,601,635,19
BELU,D,20180110,0,635,636,620,636,749
BELU,D,20180111,0,630,636,620,632,1837
BELU,D,20180112,0,625,630,600,620,12562
BELU,D,20180115,0,625,625,620,620,831
BELU,D,20180116,0,620,630,620,630,772
BELU,D,20180117,0,631,638,631,632,9
BELU,D,20180118,0,622,645,622,630,21
BELU,D,20180122,0,630,630,630,630,9
BELU,D,20180123,0,630,630,630,630,50
BELU,D,20180124,0,630,630,630,630,68
BELU,D,20180125,0,630,645,630,637,449
BELU,D,20180126,0,637,637,630,630,83
BELU,D,20180129,0,630,639,630,638,52
BELU,D,20180130,0,632,632,630,631,70
BELU,D,20180131,0,630,636,617,635,820
BELU,D,20180201,0,638,638,633,635,82
BELU,D,20180202,0,636,636,635,635,357
BELU,D,20180206,0,631,638,631,631,136
BELU,D,20180208,0,636,637,632,632,3
BELU,D,20180213,0,635,635,635,635,1
BELU,D,20180214,0,638,638,638,638,2
BELU,D,20180219,0,635,635,630,630,12602
BELU,D,20180220,0,638,649,638,645,101
BELU,D,20180221,0,642,643,642,643,24
BELU,D,20180226,0,641,648,640,648,151
BELU,D,20180227,0,650,650,635,635,130
BELU,D,20180228,0,636,638,620,620,106
BELU,D,20180301,0,633,638,618,625,438
BELU,D,20180302,0,628,632,618,630,2593
BELU,D,20180305,0,630,630,630,630,1044
BELU,D,20180306,0,620,633,620,630,483
BELU,D,20180307,0,630,635,629,630,1603
BELU,D,20180309,0,638,643,630,643,1435
BELU,D,20180312,0,648,650,639,640,117
BELU,D,20180313,0,641,641,631,639,26
BELU,D,20180314,0,631,631,630,630,32005
BELU,D,20180315,0,638,638,630,630,2008
BELU,D,20180316,0,629,638,622,633,29702
BELU,D,20180319,0,631,638,631,635,159
BELU,D,20180320,0,631,632,630,632,30016
BELU,D,20180321,0,632,632,630,631,19
BELU,D,20180322,0,630,630,630,630,27
BELU,D,20180323,0,630,630,630,630,4594
BELU,D,20180326,0,628,630,628,630,125
BELU,D,20180328,0,628,628,628,628,552
BELU,D,20180329,0,628,630,626,626,3017
BELU,D,20180402,0,630,630,626,626,93
BELU,D,20180403,0,630,630,630,630,1811
BELU,D,20180404,0,630,630,630,630,1000
BELU,D,20180406,0,630,635,630,630,2011
BELU,D,20180409,0,621,621,609,609,4
BELU,D,20180410,0,600,634,600,620,262
BELU,D,20180411,0,625,625,625,625,50
BELU,D,20180412,0,625,626,583,626,67
BELU,D,20180413,0,611,615,611,615,2
BELU,D,20180416,0,613,618,600,615,137
BELU,D,20180417,0,615,625,615,615,54
BELU,D,20180418,0,614,615,610,615,186
BELU,D,20180419,0,630,630,630,630,39
BELU,D,20180424,0,621,630,620,630,3
BELU,D,20180425,0,630,640,620,630,3008
BELU,D,20180427,0,630,650,630,630,2101
BELU,D,20180428,0,630,650,630,650,406
BELU,D,20180502,0,611,611,611,611,79
BELU,D,20180503,0,672,679,620,660,2703
BELU,D,20180504,0,685,685,650,675,580
BELU,D,20180507,0,675,685,661,685,347
BELU,D,20180508,0,685,695,685,695,487
BELU,D,20180510,0,690,700,690,700,311
BELU,D,20180511,0,700,700,696,700,68
BELU,D,20180514,0,702,706,670,705,287
BELU,D,20180515,0,705,705,698,705,196
BELU,D,20180516,0,705,705,705,705,170
BELU,D,20180517,0,710,710,700,705,551
BELU,D,20180518,0,706,712,700,710,408
BELU,D,20180521,0,711,711,710,710,200
BELU,D,20180522,0,713,715,700,700,501
BELU,D,20180523,0,709,710,709,710,500
BELU,D,20180524,0,700,710,700,710,452
BELU,D,20180528,0,710,715,700,700,261
BELU,D,20180529,0,709,710,709,710,400
BELU,D,20180530,0,715,715,715,715,2
BELU,D,20180531,0,715,715,715,715,6
BELU,D,20180601,0,705,705,705,705,80
BELU,D,20180604,0,705,705,700,700,426
BELU,D,20180605,0,702,702,700,700,95
BELU,D,20180606,0,701,701,695,700,317
BELU,D,20180607,0,700,700,700,700,317
BELU,D,20180608,0,700,700,700,700,200
BELU,D,20180609,0,705,705,705,705,200
BELU,D,20180613,0,700,700,698,700,200
BELU,D,20180614,0,695,700,695,700,1000
BELU,D,20180618,0,700,700,700,700,505
BELU,D,20180619,0,690,690,690,690,1
BELU,D,20180621,0,599,700,599,685,1012
BELU,D,20180625,0,699,700,699,700,50
BELU,D,20180626,0,667,699,648,698,63
BELU,D,20180627,0,681,699,681,698,506
BELU,D,20180628,0,697,700,695,695,702
BELU,D,20180629,0,644,697,642,680,80
BELU,D,20180702,0,688,690,688,690,443
BELU,D,20180703,0,690,692,690,690,423
BELU,D,20180704,0,690,690,690,690,700
BELU,D,20180705,0,699,700,688,688,15
BELU,D,20180706,0,681,688,680,688,451
BELU,D,20180709,0,686,692,685,692,715
BELU,D,20180710,0,700,700,680,685,154
BELU,D,20180711,0,688,688,688,688,1
BELU,D,20180712,0,690,690,690,690,21
BELU,D,20180713,0,686,686,679,679,27
BELU,D,20180716,0,688,688,688,688,9
BELU,D,20180717,0,639,685,637,680,62
BELU,D,20180718,0,687,688,687,688,1069
BELU,D,20180719,0,681,681,680,680,6
BELU,D,20180720,0,684,684,680,680,7
BELU,D,20180724,0,680,680,680,680,5
BELU,D,20180725,0,680,685,670,670,26
BELU,D,20180726,0,675,675,670,670,36
BELU,D,20180727,0,675,675,670,674,18
BELU,D,20180730,0,670,670,655,665,779
BELU,D,20180731,0,665,675,660,670,1251
BELU,D,20180801,0,660,664,660,660,13
BELU,D,20180802,0,638,668,638,666,1766
BELU,D,20180803,0,652,652,652,652,1
BELU,D,20180806,0,662,664,634,660,762
BELU,D,20180807,0,670,670,660,660,7
BELU,D,20180808,0,660,670,640,670,17
BELU,D,20180809,0,670,670,600,670,327
BELU,D,20180810,0,668,700,668,670,546
BELU,D,20180814,0,664,680,662,668,171
BELU,D,20180815,0,660,660,654,660,11
BELU,D,20180816,0,660,678,640,658,114
BELU,D,20180817,0,650,678,640,658,626
BELU,D,20180820,0,676,678,652,652,59
BELU,D,20180821,0,652,668,640,650,414
BELU,D,20180823,0,656,678,638,638,142
BELU,D,20180827,0,658,668,640,640,45
BELU,D,20180828,0,638,640,638,640,10
BELU,D,20180829,0,658,698,626,644,183
BELU,D,20180830,0,640,640,628,628,14
BELU,D,20180831,0,648,688,628,628,145
BELU,D,20180903,0,656,678,640,640,238
BELU,D,20180904,0,630,650,628,630,425
BELU,D,20180905,0,632,646,632,646,18
BELU,D,20180906,0,644,658,640,640,68
BELU,D,20180907,0,618,650,612,650,156
BELU,D,20180910,0,646,646,646,646,1
BELU,D,20180911,0,634,634,616,630,17
BELU,D,20180912,0,624,630,620,620,20
BELU,D,20180913,0,646,648,620,626,159
BELU,D,20180914,0,624,624,624,624,11
BELU,D,20180917,0,644,644,644,644,25
BELU,D,20180918,0,630,638,630,638,17
BELU,D,20180919,0,640,640,630,630,4
BELU,D,20180924,0,644,648,626,626,8
BELU,D,20180925,0,622,622,614,614,13
BELU,D,20180926,0,628,628,620,620,2
BELU,D,20180927,0,612,612,608,610,88
BELU,D,20180928,0,626,638,618,630,148
BELU,D,20181001,0,656,658,622,622,78
BELU,D,20181002,0,624,624,622,622,4
BELU,D,20181004,0,610,628,604,626,23
BELU,D,20181005,0,600,610,600,602,178
BELU,D,20181008,0,600,608,600,608,28
BELU,D,20181010,0,606,606,600,600,430
BELU,D,20181011,0,594,610,590,610,10
BELU,D,20181012,0,630,630,600,610,25
BELU,D,20181015,0,602,618,600,610,107
BELU,D,20181016,0,604,610,600,610,201
BELU,D,20181017,0,600,610,600,610,141
BELU,D,20181018,0,608,610,600,608,171
BELU,D,20181019,0,608,628,600,626,172
BELU,D,20181022,0,614,614,600,608,73
BELU,D,20181023,0,600,606,600,604,117
BELU,D,20181024,0,608,612,602,602,19
BELU,D,20181025,0,602,602,600,600,9
BELU,D,20181026,0,598,602,598,598,161
BELU,D,20181029,0,598,598,598,598,11
BELU,D,20181031,0,600,600,598,600,65
BELU,D,20181101,0,598,600,598,600,8
BELU,D,20181102,0,602,602,598,600,39
BELU,D,20181106,0,600,600,594,600,51
BELU,D,20181107,0,600,600,600,600,19
BELU,D,20181108,0,600,600,600,600,13
BELU,D,20181109,0,598,608,598,598,14
BELU,D,20181112,0,600,600,600,600,17
BELU,D,20181113,0,600,600,600,600,10
BELU,D,20181114,0,598,600,598,600,24
BELU,D,20181119,0,598,602,588,590,954
BELU,D,20181120,0,588,590,572,574,300
BELU,D,20181121,0,578,580,568,574,125
BELU,D,20181122,0,592,592,562,586,276
BELU,D,20181123,0,586,586,550,556,547
BELU,D,20181126,0,566,566,526,538,611
BELU,D,20181127,0,530,564,496,500,1471
BELU,D,20181128,0,502,528,486,490,1781
BELU,D,20181129,0,486,490,470,478,793
BELU,D,20181130,0,478,480,460,460,1619
BELU,D,20181203,0,468,478,418,440,1958
BELU,D,20181204,0,434,446,434,444,281
BELU,D,20181205,0,450,450,440,440,215
BELU,D,20181206,0,438,450,436,444,451
BELU,D,20181207,0,450,450,400,422,2645
BELU,D,20181210,0,430,442,404,418,881
BELU,D,20181211,0,414,414,398,400,1120
BELU,D,20181212,0,400,400,354,380,4509
BELU,D,20181213,0,380,480,380,396,13263
BELU,D,20181214,0,408,418,392,400,12099
BELU,D,20181217,0,398,398,388,388,811
BELU,D,20181218,0,390,400,378,398,1397
BELU,D,20181219,0,400,400,398,400,150
BELU,D,20181220,0,410,410,374,390,905
BELU,D,20181221,0,396,400,388,390,454
BELU,D,20181224,0,388,390,374,378,1003
BELU,D,20181225,0,372,416,372,404,1408
BELU,D,20181226,0,372,420,356,402,627
BELU,D,20181227,0,402,402,394,400,192
BELU,D,20181228,0,396,420,394,398,3176
BELU,D,20181229,0,414,418,404,408,203
BELU,D,20190103,0,400,410,400,410,7
BELU,D,20190104,0,402,404,400,404,33
BELU,D,20190108,0,416,416,400,410,117
BELU,D,20190109,0,416,416,402,408,834
BELU,D,20190110,0,418,424,402,410,442
BELU,D,20190111,0,410,410,400,410,254
BELU,D,20190114,0,410,410,410,410,67
BELU,D,20190115,0,408,420,394,406,1274
BELU,D,20190116,0,406,406,398,404,554
BELU,D,20190117,0,404,408,400,400,554
BELU,D,20190118,0,400,436,398,398,2907
BELU,D,20190121,0,400,402,398,398,177
BELU,D,20190122,0,406,406,398,400,174
BELU,D,20190123,0,400,420,398,406,2186
BELU,D,20190124,0,420,420,400,412,943
BELU,D,20190125,0,412,428,410,418,876
BELU,D,20190128,0,410,418,404,404,1046
BELU,D,20190129,0,410,436,404,414,3686
BELU,D,20190130,0,416,498,410,436,5370
BELU,D,20190131,0,436,472,432,450,1847
BELU,D,20190201,0,434,468,431,450,1165
BELU,D,20190204,0,459,465,432,464,1255
BELU,D,20190205,0,451,477,449,473,1251
BELU,D,20190206,0,478,487,471,487,1853
BELU,D,20190207,0,492,502,483,498,2051
BELU,D,20190208,0,498,500,489,500,1524
BELU,D,20190211,0,490,498,481,489,2269
BELU,D,20190212,0,490,490,481,488,6641
BELU,D,20190213,0,476,599,476,511,11990
BELU,D,20190214,0,521,521,482,490,1476
BELU,D,20190215,0,499,520,499,510,1049
BELU,D,20190218,0,538,538,503,517,1113
BELU,D,20190219,0,509,530,509,525,1224
BELU,D,20190220,0,535,538,504,508,1203
BELU,D,20190221,0,510,532,502,525,925
BELU,D,20190222,0,530,530,509,516,967
BELU,D,20190225,0,525,525,506,512,447
BELU,D,20190226,0,520,525,491,506,795
BELU,D,20190227,0,505,506,483,499,465
BELU,D,20190228,0,495,526,492,505,3400
BELU,D,20190301,0,527,529,507,518,1027
BELU,D,20190304,0,520,540,518,518,772
BELU,D,20190305,0,518,518,495,500,1719
BELU,D,20190306,0,500,525,485,498,1182
BELU,D,20190307,0,504,505,492,499,411
BELU,D,20190311,0,514,519,492,499,1247
BELU,D,20190312,0,495,515,495,500,554
BELU,D,20190313,0,504,504,497,497,601
BELU,D,20190314,0,497,497,484,485,707
BELU,D,20190315,0,493,493,475,486,340
BELU,D,20190318,0,486,500,486,500,612
BELU,D,20190319,0,504,504,492,498,473
BELU,D,20190320,0,499,499,481,498,167
BELU,D,20190321,0,488,497,485,491,287
BELU,D,20190322,0,482,499,482,493,83
BELU,D,20190325,0,496,499,490,496,229
BELU,D,20190326,0,499,499,490,495,73
BELU,D,20190327,0,491,498,486,486,94
BELU,D,20190328,0,485,499,478,499,282
BELU,D,20190329,0,498,498,469,469,710
BELU,D,20190401,0,492,500,481,500,1205
BELU,D,20190402,0,490,499,490,495,1195
BELU,D,20190403,0,497,497,462,490,198
BELU,D,20190404,0,473,495,473,494,461
BELU,D,20190405,0,492,500,491,493,1542
BELU,D,20190408,0,507,510,482,489,234
BELU,D,20190409,0,485,488,485,487,4
BELU,D,20190410,0,488,488,482,482,9
BELU,D,20190411,0,482,488,482,488,3
BELU,D,20190412,0,485,485,482,482,155
BELU,D,20190415,0,485,488,473,485,227
BELU,D,20190416,0,489,489,480,484,88
BELU,D,20190417,0,470,486,468,480,50
BELU,D,20190418,0,480,485,480,485,47
BELU,D,20190419,0,483,483,478,478,68
BELU,D,20190422,0,483,485,475,475,52
BELU,D,20190423,0,476,489,471,476,573
BELU,D,20190424,0,499,499,465,485,1274
BELU,D,20190425,0,495,495,475,480,242
BELU,D,20190426,0,488,490,473,480,2977
BELU,D,20190429,0,469,484,469,480,118
BELU,D,20190430,0,480,480,468,471,205
BELU,D,20190502,0,479,479,472,472,5
BELU,D,20190503,0,484,484,471,479,24
BELU,D,20190506,0,466,495,466,476,4582
BELU,D,20190507,0,476,480,476,478,5
BELU,D,20190508,0,480,480,478,480,102
BELU,D,20190510,0,482,482,482,482,1
BELU,D,20190513,0,465,470,463,466,194
BELU,D,20190514,0,464,480,464,468,121
BELU,D,20190515,0,468,478,468,474,43
BELU,D,20190516,0,483,483,468,468,40
BELU,D,20190517,0,465,465,458,463,188
BELU,D,20190520,0,465,471,462,469,232
BELU,D,20190521,0,463,464,461,463,87
BELU,D,20190522,0,455,483,433,479,748
BELU,D,20190523,0,480,482,460,480,693
BELU,D,20190524,0,467,488,467,485,505
BELU,D,20190527,0,485,494,473,483,377
BELU,D,20190528,0,509,509,473,479,167
BELU,D,20190529,0,494,494,465,474,79
BELU,D,20190530,0,477,484,477,477,80
BELU,D,20190531,0,468,480,468,480,107
BELU,D,20190603,0,470,482,468,478,193
BELU,D,20190604,0,494,494,462,478,465
BELU,D,20190605,0,484,484,461,472,1210
BELU,D,20190606,0,473,474,461,468,1723
BELU,D,20190607,0,449,479,449,470,750
BELU,D,20190610,0,461,469,459,461,2020
BELU,D,20190611,0,470,475,462,463,5669
BELU,D,20190613,0,475,480,470,479,5595
BELU,D,20190614,0,477,479,470,478,23446
BELU,D,20190617,0,478,479,472,478,17787
BELU,D,20190618,0,475,483,471,477,17149
BELU,D,20190619,0,478,478,475,478,519
BELU,D,20190620,0,474,474,466,466,716
BELU,D,20190621,0,471,479,470,476,2630
BELU,D,20190624,0,477,482,477,479,17979
BELU,D,20190625,0,484,491,470,491,705
BELU,D,20190626,0,492,500,484,500,5051
BELU,D,20190627,0,506,510,490,505,9417
BELU,D,20190628,0,510,515,490,502,5218
BELU,D,20190701,0,504,504,498,498,11
BELU,D,20190702,0,496,503,496,503,54
BELU,D,20190703,0,504,504,491,498,77
BELU,D,20190704,0,509,509,483,492,198
BELU,D,20190705,0,509,509,487,498,91
BELU,D,20190708,0,500,500,487,487,148
BELU,D,20190709,0,496,497,491,494,72
BELU,D,20190710,0,491,493,489,492,38
BELU,D,20190711,0,495,495,489,493,55
BELU,D,20190712,0,507,507,481,482,35
BELU,D,20190715,0,496,497,478,481,76
BELU,D,20190716,0,487,487,478,480,70
BELU,D,20190717,0,478,478,469,475,166
BELU,D,20190718,0,477,477,469,471,37
BELU,D,20190719,0,478,478,470,474,66
BELU,D,20190722,0,477,477,477,477,1
BELU,D,20190723,0,470,477,470,477,122
BELU,D,20190724,0,478,478,471,471,29
BELU,D,20190725,0,470,478,470,477,32
BELU,D,20190726,0,469,473,469,471,54
BELU,D,20190729,0,490,490,471,480,144
BELU,D,20190730,0,481,481,465,478,118
BELU,D,20190731,0,477,522,467,495,734
BELU,D,20190801,0,495,498,483,486,116
BELU,D,20190802,0,496,500,479,488,166
BELU,D,20190805,0,489,498,488,491,78
BELU,D,20190806,0,489,495,484,495,97
BELU,D,20190807,0,499,499,478,497,358
BELU,D,20190808,0,497,503,486,500,2560
BELU,D,20190809,0,500,507,492,507,14952
BELU,D,20190812,0,507,508,475,508,1370
BELU,D,20190813,0,507,508,492,498,2023
BELU,D,20190814,0,506,507,491,506,206
BELU,D,20190815,0,500,510,489,507,144
BELU,D,20190816,0,510,510,499,501,122
BELU,D,20190819,0,522,531,499,501,38
BELU,D,20190820,0,512,512,497,509,47
BELU,D,20190821,0,500,512,500,503,1273
BELU,D,20190822,0,506,517,501,510,106
BELU,D,20190823,0,493,522,493,515,419
BELU,D,20190826,0,505,510,505,510,43
BELU,D,20190827,0,522,522,503,515,37
BELU,D,20190828,0,503,522,503,515,202
BELU,D,20190829,0,505,505,505,505,5
BELU,D,20190830,0,524,528,490,494,1827
BELU,D,20190902,0,511,550,511,516,667
BELU,D,20190903,0,520,524,508,517,504
BELU,D,20190904,0,521,523,507,523,216
BELU,D,20190905,0,530,549,519,540,230
BELU,D,20190906,0,535,554,535,552,1830
BELU,D,20190909,0,553,591,553,571,1047
BELU,D,20190910,0,589,589,550,586,1543
BELU,D,20190911,0,589,616,588,605,293
BELU,D,20190912,0,610,630,573,616,723
BELU,D,20190913,0,630,676,630,644,825
BELU,D,20190916,0,661,677,641,649,2944
BELU,D,20190917,0,674,674,632,648,56650
BELU,D,20190918,0,649,675,649,660,888
BELU,D,20190919,0,682,698,662,669,1068
BELU,D,20190920,0,688,690,650,660,5067
BELU,D,20190923,0,611,660,610,658,940
BELU,D,20190924,0,679,679,650,659,708
BELU,D,20190925,0,674,674,652,659,913
BELU,D,20190926,0,668,669,651,660,843
BELU,D,20190927,0,679,690,659,664,1216
BELU,D,20190930,0,663,679,652,667,1621
BELU,D,20191001,0,669,670,501,662,1438
BELU,D,20191002,0,603,664,602,662,2383
BELU,D,20191003,0,663,674,651,660,828
BELU,D,20191004,0,675,675,653,659,1034
BELU,D,20191007,0,660,660,655,660,763
BELU,D,20191008,0,658,658,653,655,817
BELU,D,20191009,0,670,670,654,655,881
BELU,D,20191010,0,668,670,649,655,627
BELU,D,20191011,0,660,660,655,660,222
BELU,D,20191014,0,660,678,654,670,350
BELU,D,20191015,0,670,670,662,663,1029
BELU,D,20191016,0,670,670,657,659,449
BELU,D,20191017,0,669,679,662,662,560
BELU,D,20191018,0,661,661,653,657,1764
BELU,D,20191021,0,668,668,654,655,22142
BELU,D,20191022,0,657,658,650,650,31
BELU,D,20191023,0,651,651,644,647,14
BELU,D,20191024,0,640,657,640,654,38
BELU,D,20191025,0,642,658,640,640,75
BELU,D,20191028,0,641,650,636,650,60
BELU,D,20191029,0,650,660,641,644,209
BELU,D,20191030,0,656,656,641,648,114
BELU,D,20191031,0,651,657,622,649,765
BELU,D,20191101,0,649,657,645,657,214
BELU,D,20191105,0,644,657,640,652,278
BELU,D,20191106,0,658,660,651,652,74
BELU,D,20191107,0,656,662,654,659,121
BELU,D,20191108,0,653,659,645,654,574
BELU,D,20191111,0,655,659,649,653,1077
BELU,D,20191112,0,652,655,646,650,1041
BELU,D,20191113,0,657,657,650,654,14
BELU,D,20191114,0,660,685,656,680,5893
BELU,D,20191115,0,685,690,674,690,1629
BELU,D,20191118,0,677,700,673,694,551
BELU,D,20191119,0,687,698,685,690,777
BELU,D,20191120,0,698,700,692,695,805
BELU,D,20191121,0,694,721,689,721,582
BELU,D,20191122,0,722,899,680,699,4041
BELU,D,20191125,0,713,713,684,689,840
BELU,D,20191126,0,691,700,682,682,298
BELU,D,20191127,0,675,697,675,697,28
BELU,D,20191128,0,689,693,680,680,80
BELU,D,20191129,0,688,690,668,682,169
BELU,D,20191202,0,669,688,666,683,13
BELU,D,20191203,0,690,690,665,669,46
BELU,D,20191204,0,669,671,669,671,2
BELU,D,20191205,0,665,677,665,671,15
BELU,D,20191206,0,676,676,671,671,2
BELU,D,20191209,0,665,668,660,660,14
BELU,D,20191210,0,661,667,661,667,31
BELU,D,20191211,0,680,687,668,668,43
BELU,D,20191212,0,661,670,660,660,593
BELU,D,20191213,0,674,674,639,654,1029
BELU,D,20191216,0,659,679,653,665,993
BELU,D,20191217,0,643,664,633,654,557
BELU,D,20191218,0,650,655,630,655,850
BELU,D,20191219,0,642,655,642,655,2197
BELU,D,20191220,0,650,665,650,652,22
BELU,D,20191223,0,669,709,667,680,561
BELU,D,20191224,0,662,787,662,700,4163
BELU,D,20191225,0,700,759,700,750,5668
BELU,D,20191226,0,770,770,728,739,1237
BELU,D,20191227,0,733,752,730,752,1521
BELU,D,20191230,0,752,755,703,740,3124
BELU,D,20200103,0,708,735,708,726,363
BELU,D,20200106,0,707,739,707,729,252
BELU,D,20200108,0,707,743,707,717,354
BELU,D,20200109,0,712,740,706,723,871
BELU,D,20200110,0,720,735,719,725,650
BELU,D,20200113,0,725,750,725,733,368
BELU,D,20200114,0,742,765,740,751,1203
BELU,D,20200115,0,759,863,751,791,5059
BELU,D,20200116,0,805,863,804,850,2088
BELU,D,20200117,0,862,875,845,851,625
BELU,D,20200120,0,855,875,836,872,975
BELU,D,20200121,0,872,894,865,888,782
BELU,D,20200122,0,872,897,872,889,2543
BELU,D,20200123,0,898,898,877,892,457
BELU,D,20200124,0,893,900,888,898,508
BELU,D,20200127,0,887,895,876,885,368
BELU,D,20200128,0,890,910,890,893,486
BELU,D,20200129,0,911,916,891,907,336
BELU,D,20200130,0,911,1090,911,978,1647
BELU,D,20200131,0,991,1259,955,1001,7707
BELU,D,20200203,0,1001,1050,968,975,1257
BELU,D,20200204,0,985,1149,931,1007,4766
BELU,D,20200205,0,1050,1050,973,989,2305
BELU,D,20200206,0,972,1018,972,994,829
BELU,D,20200207,0,987,998,987,990,214
BELU,D,20200210,0,996,1040,961,978,1304
BELU,D,20200211,0,1046,1046,995,1010,2609
BELU,D,20200212,0,1017,1039,1008,1020,3109
BELU,D,20200213,0,1024,1039,1012,1020,967
BELU,D,20200214,0,1029,1086,1000,1030,5953
BELU,D,20200217,0,1010,1124,1010,1080,2217
BELU,D,20200218,0,1101,1123,1070,1070,1609
BELU,D,20200219,0,1049,1112,1049,1097,1786
BELU,D,20200220,0,1097,1120,1070,1100,2686
BELU,D,20200221,0,1095,1135,1095,1100,4956
BELU,D,20200225,0,1112,1124,1099,1108,1956
BELU,D,20200226,0,1108,1140,1090,1095,3317
BELU,D,20200227,0,1092,1111,1084,1110,837
BELU,D,20200228,0,1099,1107,971,1031,1226
BELU,D,20200302,0,1114,1115,1054,1080,1531
BELU,D,20200303,0,1100,1186,1086,1100,1269
BELU,D,20200304,0,1129,1130,1103,1120,778
BELU,D,20200305,0,1150,1150,1113,1135,1814
BELU,D,20200306,0,1157,1157,1110,1110,2116
BELU,D,20200310,0,1070,1140,1011,1120,1122
BELU,D,20200311,0,1119,1178,1100,1125,1082
BELU,D,20200312,0,1188,1500,1050,1117,2931
BELU,D,20200313,0,1082,1250,1082,1120,829
BELU,D,20200316,0,1133,1166,1067,1125,2077
BELU,D,20200317,0,1142,1149,1056,1111,1872
BELU,D,20200318,0,1111,1150,1067,1100,1704
BELU,D,20200319,0,1095,1132,1076,1127,1057
BELU,D,20200320,0,1160,1190,1132,1157,899
BELU,D,20200323,0,1157,1180,1123,1173,473
BELU,D,20200324,0,1186,1186,1100,1140,7026
BELU,D,20200325,0,1150,1179,1116,1129,1535
BELU,D,20200326,0,1150,1150,1077,1135,1081
BELU,D,20200327,0,1121,1144,1100,1125,609
BELU,D,20200330,0,1123,1136,1092,1096,2425
BELU,D,20200331,0,1119,1127,992,1100,2820
BELU,D,20200401,0,1102,1110,1096,1100,602
BELU,D,20200402,0,1114,1124,1100,1124,603
BELU,D,20200403,0,1122,1140,1121,1133,1093
BELU,D,20200406,0,1135,1249,1135,1200,12973
BELU,D,20200407,0,1249,1250,1212,1236,4170
BELU,D,20200408,0,1250,1339,1249,1318,5244
BELU,D,20200409,0,1320,1388,1300,1320,3417
BELU,D,20200410,0,1346,1381,1336,1350,2276
BELU,D,20200413,0,1374,1623,1372,1500,11492
BELU,D,20200414,0,1440,1440,1380,1401,7280
BELU,D,20200415,0,1440,1600,1419,1441,9131
BELU,D,20200416,0,1469,1500,1435,1500,2241
BELU,D,20200417,0,1483,1599,1481,1550,8470
BELU,D,20200420,0,1599,1599,1502,1535,2845
BELU,D,20200421,0,1563,1563,1520,1531,2466
BELU,D,20200422,0,1555,1559,1398,1495,7954
BELU,D,20200423,0,1525,1549,1482,1496,2394
BELU,D,20200424,0,1499,1529,1488,1495,660
BELU,D,20200427,0,1500,1500,1441,1480,1147
BELU,D,20200428,0,1500,1500,1470,1490,2988
BELU,D,20200429,0,1510,1598,1450,1480,5183
BELU,D,20200430,0,1482,1504,1468,1487,2565
BELU,D,20200504,0,1500,1525,1480,1480,1348
BELU,D,20200505,0,1498,1499,1450,1458,2077
BELU,D,20200506,0,1482,1486,1411,1438,2434
BELU,D,20200507,0,1475,1489,1438,1464,1860
BELU,D,20200508,0,1474,1500,1465,1500,1258
BELU,D,20200512,0,1496,1513,1489,1500,1401
BELU,D,20200513,0,1516,1517,1485,1509,1348
BELU,D,20200514,0,1525,1584,1470,1498,2266
BELU,D,20200515,0,1508,1508,1470,1486,1541
BELU,D,20200518,0,1495,1520,1470,1478,1798
BELU,D,20200519,0,1488,1488,1453,1479,2023
BELU,D,20200520,0,1480,1489,1442,1457,3496
BELU,D,20200521,0,1460,1480,1429,1450,2409
BELU,D,20200522,0,1460,1477,1380,1432,2945
BELU,D,20200525,0,1470,1470,1411,1423,2886
BELU,D,20200526,0,1424,1440,1382,1400,2941
BELU,D,20200527,0,1434,1434,1312,1375,4800
BELU,D,20200528,0,1398,1405,1345,1348,2631
BELU,D,20200529,0,1370,1370,1240,1290,6508
BELU,D,20200601,0,1324,1324,1220,1234,4150
BELU,D,20200602,0,1236,1236,1153,1220,6032
BELU,D,20200603,0,1225,1350,1216,1323,9467
BELU,D,20200604,0,1325,1350,1309,1335,3606
BELU,D,20200605,0,1338,1350,1324,1343,2909
BELU,D,20200608,0,1378,1404,1353,1367,1960
BELU,D,20200609,0,1371,1396,1309,1341,3100
BELU,D,20200610,0,1325,1373,1325,1353,439
BELU,D,20200611,0,1353,1379,1339,1350,1034
BELU,D,20200615,0,1351,1380,1315,1341,620
BELU,D,20200616,0,1350,1352,1339,1350,791
BELU,D,20200617,0,1365,1375,1326,1349,593
BELU,D,20200618,0,1370,1375,1337,1350,544
BELU,D,20200619,0,1351,1355,1342,1355,520
BELU,D,20200622,0,1370,1376,1347,1350,1025
BELU,D,20200623,0,1351,1351,1335,1342,566
BELU,D,20200625,0,1350,1374,1331,1349,471
BELU,D,20200626,0,1350,1350,1330,1341,1819
BELU,D,20200629,0,1338,1350,1331,1335,620
BELU,D,20200630,0,1340,1340,1309,1340,671
BELU,D,20200702,0,1342,1369,1313,1362,444
BELU,D,20200703,0,1370,1380,1342,1363,762
BELU,D,20200706,0,1377,1377,1343,1350,495
BELU,D,20200707,0,1370,1375,1350,1368,1560
BELU,D,20200708,0,1370,1379,1353,1358,714
BELU,D,20200709,0,1380,1380,1354,1370,1136
BELU,D,20200710,0,1380,1412,1356,1370,3022
BELU,D,20200713,0,1360,1369,1336,1355,1594
BELU,D,20200714,0,1355,1362,1350,1354,451
BELU,D,20200715,0,1363,1370,1326,1360,578
BELU,D,20200716,0,1359,1360,1345,1356,890
BELU,D,20200717,0,1360,1360,1350,1350,624
BELU,D,20200720,0,1385,1395,1345,1350,2503
BELU,D,20200721,0,1389,1389,1336,1346,2339
BELU,D,20200722,0,1349,1350,1330,1340,2383
BELU,D,20200723,0,1345,1358,1321,1330,4487
BELU,D,20200724,0,1374,1390,1321,1348,5872
BELU,D,20200727,0,1349,1355,1319,1339,2895
BELU,D,20200728,0,1340,1345,1323,1333,2179
BELU,D,20200729,0,1336,1347,1324,1329,3355
BELU,D,20200730,0,1333,1345,1325,1337,1489
BELU,D,20200731,0,1333,1338,1322,1322,1634
BELU,D,20200803,0,1330,1330,1310,1322,1433
BELU,D,20200804,0,1327,1327,1300,1309,1064
BELU,D,20200805,0,1309,1310,1280,1301,2880
BELU,D,20200806,0,1306,1316,1300,1309,1047
BELU,D,20200807,0,1314,1339,1304,1334,1486
BELU,D,20200810,0,1339,1374,1321,1329,7561
BELU,D,20200811,0,1345,1345,1291,1319,3102
BELU,D,20200812,0,1321,1342,1310,1322,1635
BELU,D,20200813,0,1334,1334,1310,1314,2401
BELU,D,20200814,0,1319,1324,1290,1323,1785
BELU,D,20200817,0,1326,1326,1305,1320,1240
BELU,D,20200818,0,1321,1343,1310,1318,388
BELU,D,20200819,0,1310,1338,1304,1308,855
BELU,D,20200820,0,1321,1323,1305,1309,696
BELU,D,20200821,0,1319,1320,1306,1312,492
BELU,D,20200824,0,1320,1320,1299,1316,1349
BELU,D,20200825,0,1318,1318,1301,1314,873
BELU,D,20200826,0,1315,1320,1302,1310,1529
BELU,D,20200827,0,1320,1336,1310,1327,5120
BELU,D,20200828,0,1330,1339,1306,1322,974
BELU,D,20200831,0,1329,1330,1305,1318,981
BELU,D,20200901,0,1318,1325,1307,1320,1217
BELU,D,20200902,0,1327,1327,1305,1309,855
BELU,D,20200903,0,1335,1375,1314,1314,11852
BELU,D,20200904,0,1324,1324,1240,1303,7553
BELU,D,20200907,0,1320,1320,1302,1307,772
BELU,D,20200908,0,1312,1312,1281,1291,1202
BELU,D,20200909,0,1310,1370,1279,1295,1752
BELU,D,20200910,0,1327,1327,1285,1301,1161
BELU,D,20200911,0,1320,1320,1294,1308,5036
BELU,D,20200914,0,1328,1328,1310,1315,2877
BELU,D,20200915,0,1323,1323,1306,1310,10379
BELU,D,20200916,0,1324,1324,1298,1307,1436
BELU,D,20200917,0,1314,1315,1297,1310,954
BELU,D,20200918,0,1311,1318,1295,1296,889
BELU,D,20200921,0,1314,1314,1261,1286,1559
BELU,D,20200922,0,1303,1304,1264,1280,820
BELU,D,20200923,0,1283,1309,1281,1300,3906
BELU,D,20200924,0,1302,1302,804,1290,3159
BELU,D,20200925,0,1301,1302,1272,1281,2584
BELU,D,20200928,0,1296,1296,1285,1288,2574
BELU,D,20200929,0,1298,1299,1273,1278,2294
BELU,D,20200930,0,1293,1293,1274,1278,599
BELU,D,20201001,0,1295,1295,1269,1272,558
BELU,D,20201002,0,1279,1279,1242,1256,741
BELU,D,20201005,0,1280,1280,1255,1277,815
BELU,D,20201006,0,1281,1281,1266,1279,4115
BELU,D,20201007,0,1277,1280,1246,1264,1564
BELU,D,20201008,0,1265,1275,1245,1252,4525
BELU,D,20201009,0,1264,1267,1185,1252,1767
BELU,D,20201012,0,1275,1275,1251,1260,2249
BELU,D,20201013,0,1265,1265,1240,1250,865
BELU,D,20201014,0,1252,1270,1244,1269,3493
BELU,D,20201015,0,1269,1270,1241,1256,2869
BELU,D,20201016,0,1250,1259,1232,1242,2203
BELU,D,20201019,0,1252,1252,1235,1242,2391
BELU,D,20201020,0,1250,1255,1234,1246,1414
BELU,D,20201021,0,1258,1258,1240,1245,1678
BELU,D,20201022,0,1250,1256,1241,1246,4470
BELU,D,20201023,0,1230,1250,1230,1248,3096
BELU,D,20201026,0,1270,1270,1231,1235,738
BELU,D,20201027,0,1250,1250,1220,1228,1330
BELU,D,20201028,0,1238,1238,1191,1195,2621
BELU,D,20201029,0,1205,1210,1192,1207,518
BELU,D,20201030,0,1207,1207,1184,1196,5993
BELU,D,20201102,0,1212,1219,1180,1216,1163
BELU,D,20201103,0,1217,1250,1217,1240,896
BELU,D,20201105,0,1250,1273,1240,1273,2103
BELU,D,20201106,0,1272,1283,1255,1282,800
BELU,D,20201109,0,1296,1315,1283,1314,4531
BELU,D,20201110,0,1312,1330,1300,1328,5366
BELU,D,20201111,0,1326,1335,1320,1326,2056
BELU,D,20201112,0,1335,1335,1313,1327,1886
BELU,D,20201113,0,1329,1345,1319,1331,2830
BELU,D,20201116,0,1338,1351,1331,1343,1260
BELU,D,20201117,0,1346,1346,1320,1325,827
BELU,D,20201118,0,1348,1348,1326,1338,802
BELU,D,20201119,0,1340,1340,1321,1327,847
BELU,D,20201120,0,1332,1333,1321,1328,1268
BELU,D,20201123,0,1345,1345,1323,1325,1126
BELU,D,20201124,0,1341,1341,1323,1327,6109
BELU,D,20201125,0,1327,1337,1320,1333,4219
BELU,D,20201126,0,1333,1334,1323,1329,474
BELU,D,20201127,0,1340,1340,1320,1324,4533
BELU,D,20201130,0,1328,1328,1296,1298,4862
BELU,D,20201201,0,1312,1320,1300,1313,520
BELU,D,20201202,0,1326,1337,1310,1320,605
BELU,D,20201203,0,1325,1325,1308,1311,511
BELU,D,20201204,0,1324,1324,1297,1304,3237
BELU,D,20201207,0,1320,1320,1291,1300,1230
BELU,D,20201208,0,1314,1314,1290,1299,815
BELU,D,20201209,0,1313,1313,1292,1310,596
BELU,D,20201210,0,1308,1309,1290,1302,556
BELU,D,20201211,0,1304,1304,1290,1299,574
BELU,D,20201214,0,1329,1329,1292,1319,870
BELU,D,20201215,0,1305,1449,1298,1393,123748
BELU,D,20201216,0,1440,1440,1351,1367,20827
BELU,D,20201217,0,1370,1388,1368,1369,4782
BELU,D,20201218,0,1370,1398,1357,1368,4896
BELU,D,20201221,0,1392,1392,1356,1358,3960
BELU,D,20201222,0,1356,1366,1345,1350,4040
BELU,D,20201223,0,1377,1377,1350,1360,2770
BELU,D,20201224,0,1361,1361,1350,1350,876
BELU,D,20201225,0,1334,1359,1334,1358,1203
